{
  "model/victora_customer_master.json": 1741767974007,
  "i18n/i18n.properties": 1741770084660,
  "manifest.json": 1742400007885,
  "model/victora_vendor_master.json": 1742212224696,
  "i18n/i18n_en.properties": 1742399773895,
  "model/models.js": 1741755267680,
  "model/formatter.js": 1741770095612,
  "controller/VendorListing.controller.js": 1742399986262,
  "controller/CustomerListing.controller.js": 1742399968746,
  "controller/App.controller.js": 1741756075616,
  "util/GeneralUtils.js": 1741770313211,
  "Component.js": 1742399866963,
  "controller/CustomerListing-dbg.controller.js": 1742399968746,
  "controller/CustomerListing.controller.js.map": 1742400008169,
  "model/formatter-dbg.js": 1741770095612,
  "model/formatter.js.map": 1742400008118,
  "controller/VendorListing-dbg.controller.js": 1742399986262,
  "controller/VendorListing.controller.js.map": 1742400008169,
  "model/models-dbg.js": 1741755267680,
  "model/models.js.map": 1742400008117,
  "controller/App-dbg.controller.js": 1741756075616,
  "controller/App.controller.js.map": 1742400008120,
  "util/GeneralUtils-dbg.js": 1741770313211,
  "util/GeneralUtils.js.map": 1742400008129,
  "Component-dbg.js": 1742399866963,
  "Component.js.map": 1742400008126,
  "Component-preload.js": 1742400008384,
  "Component-preload.js.map": 1742400008384,
  "view/VendorListing.view.xml": 1742399592260,
  "view/CustomerListing.view.xml": 1742399281182,
  "view/App.view.xml": 1741756075616,
  "css/style.css": 1742302525996,
  "index.html": 1742390550170
}