{
  "controller/App.controller.js.map": 1741756947737,
  "i18n/i18n.properties": 1741755267676,
  "model/models.js": 1741755267680,
  "util/GeneralUtils.js": 1741755267692,
  "model/formatter.js": 1741755267676,
  "controller/ProductListing.controller.js": 1741756144964,
  "controller/App.controller.js": 1741756075616,
  "manifest.json": 1741756947599,
  "Component.js": 1741756144964,
  "model/formatter-dbg.js": 1741755267676,
  "model/formatter.js.map": 1741756947735,
  "util/GeneralUtils-dbg.js": 1741755267692,
  "util/GeneralUtils.js.map": 1741756947763,
  "model/models-dbg.js": 1741755267680,
  "model/models.js.map": 1741756947741,
  "controller/ProductListing-dbg.controller.js": 1741756144964,
  "controller/ProductListing.controller.js.map": 1741756947769,
  "controller/App-dbg.controller.js": 1741756075616,
  "i18n/i18n_en.properties": 1741755267676,
  "Component-dbg.js": 1741756144964,
  "Component.js.map": 1741756947742,
  "Component-preload.js": 1741756947889,
  "Component-preload.js.map": 1741756947889,
  "view/ProductListing.view.xml": 1741756144964,
  "view/App.view.xml": 1741756075616,
  "css/style.css": 1741755267676,
  "index.html": 1741756075616
}