{
  "i18n/i18n.properties": 1741770084660,
  "i18n/i18n_en.properties": 1741770238035,
  "Component.js": 1741771069947,
  "model/victora_customer_master.json": 1741767974007,
  "model/models.js": 1741755267680,
  "model/formatter.js": 1741770095612,
  "controller/VendorListing.controller.js": 1742138420083,
  "controller/CustomerListing.controller.js": 1742138438579,
  "controller/App.controller.js": 1741756075616,
  "manifest.json": 1742138458600,
  "util/GeneralUtils.js": 1741770313211,
  "Component-dbg.js": 1741771069947,
  "Component.js.map": 1742138458815,
  "model/models-dbg.js": 1741755267680,
  "model/models.js.map": 1742138458815,
  "model/formatter-dbg.js": 1741770095612,
  "model/formatter.js.map": 1742138458837,
  "controller/VendorListing-dbg.controller.js": 1742138420083,
  "controller/VendorListing.controller.js.map": 1742138458863,
  "controller/CustomerListing-dbg.controller.js": 1742138438579,
  "controller/CustomerListing.controller.js.map": 1742138458863,
  "controller/App-dbg.controller.js": 1741756075616,
  "controller/App.controller.js.map": 1742138458817,
  "util/GeneralUtils-dbg.js": 1741770313211,
  "util/GeneralUtils.js.map": 1742138458823,
  "Component-preload.js": 1742138458990,
  "Component-preload.js.map": 1742138458990,
  "view/VendorListing.view.xml": 1742137834031,
  "view/CustomerListing.view.xml": 1742138147241,
  "view/App.view.xml": 1741756075616,
  "css/style.css": 1741755267676,
  "index.html": 1741952751879
}