{
  "controller/App.controller.js.map": 1742222682746,
  "i18n/i18n_en.properties": 1741770238035,
  "model/victora_customer_master.json": 1741767974007,
  "model/victora_vendor_master.json": 1742212224696,
  "util/GeneralUtils.js": 1741770313211,
  "model/models.js": 1741755267680,
  "model/formatter.js": 1741770095612,
  "controller/VendorListing.controller.js": 1742222672450,
  "controller/CustomerListing.controller.js": 1742222660354,
  "controller/App.controller.js": 1741756075616,
  "manifest.json": 1742222682445,
  "Component.js": 1741771069947,
  "util/GeneralUtils-dbg.js": 1741770313211,
  "util/GeneralUtils.js.map": 1742222682744,
  "model/models-dbg.js": 1741755267680,
  "model/models.js.map": 1742222682763,
  "model/formatter-dbg.js": 1741770095612,
  "model/formatter.js.map": 1742222682729,
  "controller/VendorListing-dbg.controller.js": 1742222672450,
  "controller/VendorListing.controller.js.map": 1742222682814,
  "controller/CustomerListing-dbg.controller.js": 1742222660354,
  "controller/CustomerListing.controller.js.map": 1742222682766,
  "controller/App-dbg.controller.js": 1741756075616,
  "i18n/i18n.properties": 1741770084660,
  "Component-dbg.js": 1741771069947,
  "Component.js.map": 1742222682752,
  "Component-preload.js": 1742222682966,
  "Component-preload.js.map": 1742222682966,
  "view/VendorListing.view.xml": 1742222423022,
  "view/CustomerListing.view.xml": 1742220494681,
  "view/App.view.xml": 1741756075616,
  "css/style.css": 1742212224684,
  "index.html": 1741952751879
}