{
  "model/victora_customer_master.json": 1741767974007,
  "i18n/i18n.properties": 1741770084660,
  "model/models.js": 1741755267680,
  "i18n/i18n_en.properties": 1741770238035,
  "util/GeneralUtils.js": 1741770313211,
  "model/formatter.js": 1741770095612,
  "controller/CustomerListing.controller.js": 1741954121401,
  "controller/App.controller.js": 1741756075616,
  "manifest.json": 1741954794854,
  "Component.js": 1741771069947,
  "Component-dbg.js": 1741771069947,
  "Component.js.map": 1741954795029,
  "util/GeneralUtils-dbg.js": 1741770313211,
  "util/GeneralUtils.js.map": 1741954795016,
  "model/formatter-dbg.js": 1741770095612,
  "model/formatter.js.map": 1741954795029,
  "controller/CustomerListing-dbg.controller.js": 1741954121401,
  "controller/CustomerListing.controller.js.map": 1741954795068,
  "controller/App-dbg.controller.js": 1741756075616,
  "controller/App.controller.js.map": 1741954795018,
  "model/models-dbg.js": 1741755267680,
  "model/models.js.map": 1741954795020,
  "Component-preload.js": 1741954795157,
  "Component-preload.js.map": 1741954795157,
  "view/CustomerListing.view.xml": 1741954786435,
  "view/App.view.xml": 1741756075616,
  "css/style.css": 1741755267676,
  "index.html": 1741952751879
}