{
  "model/formatter.js": 1741770095612,
  "i18n/i18n_en.properties": 1741770238035,
  "model/models.js": 1741755267680,
  "model/victora_customer_master.json": 1741767974007,
  "util/GeneralUtils.js": 1741770313211,
  "i18n/i18n.properties": 1741770084660,
  "controller/CustomerListing.controller.js": 1741951330820,
  "controller/App.controller.js": 1741756075616,
  "manifest.json": 1741951554392,
  "Component.js": 1741771069947,
  "Component-dbg.js": 1741771069947,
  "Component.js.map": 1741951554532,
  "util/GeneralUtils-dbg.js": 1741770313211,
  "util/GeneralUtils.js.map": 1741951554532,
  "model/formatter-dbg.js": 1741770095612,
  "model/formatter.js.map": 1741951554520,
  "controller/CustomerListing-dbg.controller.js": 1741951330820,
  "controller/CustomerListing.controller.js.map": 1741951554538,
  "controller/App-dbg.controller.js": 1741756075616,
  "controller/App.controller.js.map": 1741951554521,
  "model/models-dbg.js": 1741755267680,
  "model/models.js.map": 1741951554524,
  "Component-preload.js": 1741951554603,
  "Component-preload.js.map": 1741951554603,
  "view/CustomerListing.view.xml": 1741951549244,
  "view/App.view.xml": 1741756075616,
  "css/style.css": 1741755267676,
  "index.html": 1741756075616
}